Run Number,Beam Species,PDG,Laser Intensity,Bias,V_br,Trigger Delay,Machine gun number,"Position x (0 for left, 1 for right)","Position y (0 for top, 1 for middle, 2 for bottom)",Dead time,Phase,nrKCU,nrASIC,Temperature,RF,CF,CC,CFC,Cd,ToT Target,Notes,Group
115,laser,22,520,43,38.5,16,15,0,2,1000,7,1,3,24,4,4,3,4,0,300,Bias unstable,
116,laser,22,580,43,38.5,16,15,0,2,1000,7,1,3,24,4,4,3,4,0,300,Bias unstable,
117,laser,22,640,43,38.5,16,15,0,2,1000,7,1,3,24,4,4,3,4,0,300,Bias unstable,
118,laser,22,700,43,38.5,16,15,0,2,1000,7,1,3,24,4,4,3,4,0,300,Bias unstable,
119,laser,22,760,43,38.5,16,15,0,2,1000,7,1,3,24,4,4,3,4,0,300,Bias unstable,
120,laser,22,820,43,38.5,16,15,0,2,1000,7,1,3,24,4,4,3,4,0,300,,
121,laser,22,880,43,38.5,16,15,0,2,1000,7,1,3,24,4,4,3,4,0,300,,
122,laser,22,940,43,38.5,16,15,0,2,1000,7,1,3,24,4,4,3,4,0,300,,
123,laser,22,1000,43,38.5,16,15,0,2,1000,7,1,3,24,4,4,3,4,0,300,,
124,laser,22,520,43,38.5,16,15,0,2,1000,7,1,3,24,4,4,5,4,0,300,Change of CC,
125,laser,22,580,43,38.5,16,15,0,2,1000,7,1,3,24,4,4,5,4,0,300,,
126,laser,22,640,43,38.5,16,15,0,2,1000,7,1,3,24,4,4,5,4,0,300,,
127,laser,22,700,43,38.5,16,15,0,2,1000,7,1,3,24,4,4,5,4,0,300,,
128,laser,22,760,43,38.5,16,15,0,2,1000,7,1,3,24,4,4,5,4,0,300,,
129,laser,22,820,43,38.5,16,15,0,2,1000,7,1,3,24,4,4,5,4,0,300,,
130,laser,22,880,43,38.5,16,15,0,2,1000,7,1,3,24,4,4,5,4,0,300,,
131,laser,22,940,43,38.5,16,15,0,2,1000,7,1,3,24,4,4,5,4,0,300,,
132,laser,22,1000,43,38.5,16,15,0,2,1000,7,1,3,24,4,4,5,4,0,300,,
133,pedestal,-1,0,43,38.5,16,15,0,2,1000,7,1,3,24,4,4,5,4,0,300,,
134,pedestal,-1,0,47,38.5,16,15,0,2,1000,7,1,3,24,4,4,5,4,0,300,,
135,laser,22,540,47,38.5,16,15,0,2,1000,7,1,3,24,4,4,5,4,0,300,,
136,pedestal,-1,0,46,38.5,16,15,0,2,1000,7,1,3,24,4,4,5,4,0,300,,
137,laser,22,540,46,38.5,16,15,0,2,1000,7,1,3,24,4,4,5,4,0,300,,
138,pedestal,-1,0,45,38.5,16,15,0,2,1000,7,1,3,24,4,4,5,4,0,300,,
139,laser,22,540,45,38.5,16,15,0,2,1000,7,1,3,24,4,4,5,4,0,300,,
140,pedestal,-1,0,44,38.5,16,15,0,2,1000,7,1,3,24,4,4,5,4,0,300,,
141,laser,22,540,44,38.5,16,15,0,2,1000,7,1,3,24,4,4,5,4,0,300,,
142,pedestal,-1,0,43,38.5,16,15,0,2,1000,7,1,3,24,4,4,5,4,0,300,,
143,laser,22,540,43,38.5,16,15,0,2,1000,7,1,3,24,4,4,5,4,0,300,,
144,pedestal,-1,0,42.5,38.5,16,15,0,2,1000,7,1,3,24,4,4,5,4,0,300,,
145,laser,22,540,42.5,38.5,16,15,0,2,1000,7,1,3,24,4,4,5,4,0,300,,
146,pedestal,-1,0,45,38.5,16,15,0,2,1000,7,1,3,24,4,4,3,4,0,300,Change of CC,
147,laser,22,520,45,38.5,16,15,0,2,1000,7,1,3,24,4,4,3,4,0,300,,
148,laser,22,580,45,38.5,16,15,0,2,1000,7,1,3,24,4,4,3,4,0,300,,
149,laser,22,640,45,38.5,16,15,0,2,1000,7,1,3,24,4,4,3,4,0,300,,
150,laser,22,700,45,38.5,16,15,0,2,1000,7,1,3,24,4,4,3,4,0,300,,
151,laser,22,760,45,38.5,16,15,0,2,1000,7,1,3,24,4,4,3,4,0,300,,
152,laser,22,820,45,38.5,16,15,0,2,1000,7,1,3,24,4,4,3,4,0,300,,
153,laser,22,880,45,38.5,16,15,0,2,1000,7,1,3,24,4,4,3,4,0,300,,
154,laser,22,940,45,38.5,16,15,0,2,1000,7,1,3,24,4,4,3,4,0,300,,
155,laser,22,1000,45,38.5,16,15,0,2,1000,7,1,3,24,4,4,3,4,0,300,,
156,pedestal,-1,0,45,38.5,16,15,0,2,1000,7,1,3,24,12,10,3,6,0,650,Change of configuration file,
157,laser,22,520,45,38.5,16,15,0,2,1000,7,1,3,24,12,10,3,6,0,650,,
158,laser,22,580,45,38.5,16,15,0,2,1000,7,1,3,24,12,10,3,6,0,650,,
159,laser,22,640,45,38.5,16,15,0,2,1000,7,1,3,,,,,,,,,
160,laser,22,700,45,38.5,16,15,0,2,1000,7,1,3,,,,,,,,,
161,laser,22,760,45,38.5,16,15,0,2,1000,7,1,3,,,,,,,,,
162,laser,22,820,45,38.5,16,15,0,2,1000,7,1,3,24,12,10,3,6,0,650,,
163,laser,22,880,45,38.5,16,15,0,2,1000,7,1,3,24,12,10,3,6,0,650,,
164,laser,22,940,45,38.5,16,15,0,2,1000,7,1,3,24,12,10,3,6,0,650,,
165,laser,22,1000,45,38.5,16,15,0,2,1000,7,1,3,24,12,10,3,6,0,650,,
166,pedestal,-1,0,0,38.5,16,15,0,2,1000,7,1,3,24,12,10,3,6,0,650,Debugging with fw 5.071,
167,pedestal,-1,0,45,38.5,16,15,0,2,1000,7,1,3,24,12,10,3,6,0,650,Debugging Data Coll En to 5,
168,pedestal,-1,0,45,38.5,16,15,0,2,1000,7,1,3,24,12,10,3,6,0,650," Data Coll En to 5, fw 5.071, 200Hz rate",A
169,laser,22,520,45,38.5,16,15,0,2,1000,7,1,3,24,12,10,3,6,0,650,,A
170,laser,22,580,45,38.5,16,15,0,2,1000,7,1,3,24,12,10,3,6,0,650,,A
171,laser,22,640,45,38.5,16,15,0,2,1000,7,1,3,24,12,10,3,6,0,650,,A
172,laser,22,700,45,38.5,16,15,0,2,1000,7,1,3,24,12,10,3,6,0,650,,A
173,laser,22,760,45,38.5,16,15,0,2,1000,7,1,3,24,12,10,3,6,0,650,,A
174,laser,22,820,45,38.5,16,15,0,2,1000,7,1,3,24,12,10,3,6,0,650,,A
175,laser,22,880,45,38.5,16,15,0,2,1000,7,1,3,24,12,10,3,6,0,650,,A
176,laser,22,940,45,38.5,16,15,0,2,1000,7,1,3,24,12,10,3,6,0,650,,A
177,laser,22,1000,45,38.5,16,15,0,2,1000,7,1,3,24,12,10,3,6,0,650,,A
178,pedestal,-1,0,43,38.5,16,15,0,2,1000,7,1,3,24,12,10,3,6,0,650,Bias changed to 43V,D
179,laser,22,520,43,38.5,16,15,0,2,1000,7,1,3,24,12,10,3,6,0,650,,D
180,laser,22,580,43,38.5,16,15,0,2,1000,7,1,3,24,12,10,3,6,0,650,,D
181,laser,22,640,43,38.5,16,15,0,2,1000,7,1,3,24,12,10,3,6,0,650,,D
182,laser,22,700,43,38.5,16,15,0,2,1000,7,1,3,24,12,10,3,6,0,650,,D
183,laser,22,760,43,38.5,16,15,0,2,1000,7,1,3,24,12,10,3,6,0,650,,D
184,laser,22,820,43,38.5,16,15,0,2,1000,7,1,3,24,12,10,3,6,0,650,,D
185,laser,22,880,43,38.5,16,15,0,2,1000,7,1,3,24,12,10,3,6,0,650,,D
186,laser,22,940,43,38.5,16,15,0,2,1000,7,1,3,24,12,10,3,6,0,650,,D
187,laser,22,1000,43,38.5,16,15,0,2,1000,7,1,3,24,12,10,3,6,0,650,,D
188,pedestal,-1,0,43,38.5,16,15,0,2,1000,7,1,3,24,4,4,3,4,0,300,Change of configuration,E
189,laser,22,520,43,38.5,16,15,0,2,1000,7,1,3,24,4,4,3,4,0,300,,E
190,laser,22,580,43,38.5,16,15,0,2,1000,7,1,3,24,4,4,3,4,0,300,,E
191,laser,22,640,43,38.5,16,15,0,2,1000,7,1,3,24,4,4,3,4,0,300,,E
192,laser,22,700,43,38.5,16,15,0,2,1000,7,1,3,24,4,4,3,4,0,300,,E
193,laser,22,760,43,38.5,16,15,0,2,1000,7,1,3,24,4,4,3,4,0,300,,E
194,laser,22,820,43,38.5,16,15,0,2,1000,7,1,3,24,4,4,3,4,0,300,,E
195,laser,22,880,43,38.5,16,15,0,2,1000,7,1,3,24,4,4,3,4,0,300,,E
196,laser,22,940,43,38.5,16,15,0,2,1000,7,1,3,24,4,4,3,4,0,300,,E
197,laser,22,1000,43,38.5,16,15,0,2,1000,7,1,3,24,4,4,3,4,0,300,,E
198,pedestal,-1,0,45,38.5,16,15,0,2,1000,7,1,3,24,4,4,3,4,0,300,Change of bias,
199,laser,22,520,45,38.5,16,15,0,2,1000,7,1,3,24,4,4,3,4,0,300,,
200,laser,22,580,45,38.5,16,15,0,2,1000,7,1,3,24,4,4,3,4,0,300,,
201,laser,22,640,45,38.5,16,15,0,2,1000,7,1,3,24,4,4,3,4,0,300,,
202,laser,22,700,45,38.5,16,15,0,2,1000,7,1,3,24,4,4,3,4,0,300,,
203,laser,22,760,45,38.5,16,15,0,2,1000,7,1,3,24,4,4,3,4,0,300,,
204,laser,22,820,45,38.5,16,15,0,2,1000,7,1,3,24,4,4,3,4,0,300,,
205,laser,22,880,45,38.5,16,15,0,2,1000,7,1,3,24,4,4,3,4,0,300,,
206,laser,22,940,45,38.5,16,15,0,2,1000,7,1,3,24,4,4,3,4,0,300,,
207,laser,22,1000,45,38.5,16,15,0,2,1000,7,1,3,24,4,4,3,4,0,300,,
208,pedestal,-1,0,47,38.5,16,15,0,2,1000,7,1,3,24,4,4,3,4,0,300,Start of bias scan,
209,laser,22,540,47,38.5,16,15,0,2,1000,7,1,3,24,4,4,3,4,0,300,,
210,pedestal,-1,0,46,38.5,16,15,0,2,1000,7,1,3,24,4,4,3,4,0,300,,
211,laser,22,540,46,38.5,16,15,0,2,1000,7,1,3,24,4,4,3,4,0,300,,
212,pedestal,-1,0,45,38.5,16,15,0,2,1000,7,1,3,24,4,4,3,4,0,300,,
213,laser,22,540,45,38.5,16,15,0,2,1000,7,1,3,24,4,4,3,4,0,300,,
214,pedestal,-1,0,44,38.5,16,15,0,2,1000,7,1,3,24,4,4,3,4,0,300,,
215,laser,22,540,44,38.5,16,15,0,2,1000,7,1,3,24,4,4,3,4,0,300,,
216,pedestal,-1,0,43,38.5,16,15,0,2,1000,7,1,3,24,4,4,3,4,0,300,,
217,laser,22,540,43,38.5,16,15,0,2,1000,7,1,3,24,4,4,3,4,0,300,,
218,pedestal,-1,0,42.5,38.5,16,15,0,2,1000,7,1,3,24,4,4,3,4,0,300,,
219,laser,22,540,42.5,38.5,16,15,0,2,1000,7,1,3,24,4,4,3,4,0,300,,
220,null,22,0,0,38.5,16,15,0,2,1000,7,1,3,24,4,4,3,4,0,300,,
221,pedestal,-1,0,45,38.5,16,15,0,2,1000,7,1,3,24,4,4,3,4,0,300,Start of fine scan,B
222,laser,22,500,45,38.5,16,15,0,2,1000,7,1,3,24,4,4,3,4,0,300,,B
223,laser,22,480,45,38.5,16,15,0,2,1000,7,1,3,24,4,4,3,4,0,300,,B
224,laser,22,460,45,38.5,16,15,0,2,1000,7,1,3,24,4,4,3,4,0,300,,B
225,laser,22,440,45,38.5,16,15,0,2,1000,7,1,3,24,4,4,3,4,0,300,,B
226,laser,22,420,45,38.5,16,15,0,2,1000,7,1,3,24,4,4,3,4,0,300,,B
227,laser,22,400,45,38.5,16,15,0,2,1000,7,1,3,24,4,4,3,4,0,300,,B
228,laser,22,380,45,38.5,16,15,0,2,1000,7,1,3,24,4,4,3,4,0,300,,B
229,laser,22,360,45,38.5,16,15,0,2,1000,7,1,3,24,4,4,3,4,0,300,,B
230,laser,22,340,45,38.5,16,15,0,2,1000,7,1,3,24,4,4,3,4,0,300,,B
231,laser,22,520,45,38.5,16,15,0,2,1000,7,1,3,24,4,4,3,4,0,300,,B
232,laser,22,540,45,38.5,16,15,0,2,1000,7,1,3,24,4,4,3,4,0,300,,B
233,laser,22,560,45,38.5,16,15,0,2,1000,7,1,3,24,4,4,3,4,0,300,,B
234,laser,22,580,45,38.5,16,15,0,2,1000,7,1,3,24,4,4,3,4,0,300,,B
235,laser,22,600,45,38.5,16,15,0,2,1000,7,1,3,24,4,4,3,4,0,300,,B
236,laser,22,620,45,38.5,16,15,0,2,1000,7,1,3,24,4,4,3,4,0,300,,B
237,laser,22,570,45,38.5,16,15,0,2,1000,7,1,3,24,4,4,3,4,0,300,,B
238,laser,22,590,45,38.5,16,15,0,2,1000,7,1,3,24,4,4,3,4,0,300,,B
239,laser,22,640,45,38.5,16,15,0,2,1000,7,1,3,24,4,4,3,4,0,300,,B
240,laser,22,660,45,38.5,16,15,0,2,1000,7,1,3,24,4,4,3,4,0,300,,B
241,laser,22,680,45,38.5,16,15,0,2,1000,7,1,3,24,4,4,3,4,0,300,,B
242,laser,22,700,45,38.5,16,15,0,2,1000,7,1,3,24,4,4,3,4,0,300,,B
243,laser,22,720,45,38.5,16,15,0,2,1000,7,1,3,24,4,4,3,4,0,300,,B
244,laser,22,740,45,38.5,16,15,0,2,1000,7,1,3,24,4,4,3,4,0,300,,B
245,laser,22,760,45,38.5,16,15,0,2,1000,7,1,3,24,4,4,3,4,0,300,,B
246,laser,22,780,45,38.5,16,15,0,2,1000,7,1,3,24,4,4,3,4,0,300,,B
247,laser,22,800,45,38.5,16,15,0,2,1000,7,1,3,24,4,4,3,4,0,300,,B
248,laser,22,820,45,38.5,16,15,0,2,1000,7,1,3,24,4,4,3,4,0,300,,B
249,laser,22,840,45,38.5,16,15,0,2,1000,7,1,3,24,4,4,3,4,0,300,,B
250,laser,22,860,45,38.5,16,15,0,2,1000,7,1,3,24,4,4,3,4,0,300,,B
251,laser,22,880,45,38.5,16,15,0,2,1000,7,1,3,24,4,4,3,4,0,300,,B
252,laser,22,900,45,38.5,16,15,0,2,1000,7,1,3,24,4,4,3,4,0,300,,B
253,laser,22,920,45,38.5,16,15,0,2,1000,7,1,3,24,4,4,3,4,0,300,,B
254,laser,22,940,45,38.5,16,15,0,2,1000,7,1,3,24,4,4,3,4,0,300,,B
255,laser,22,960,45,38.5,16,15,0,2,1000,7,1,3,24,4,4,3,4,0,300,,B
256,laser,22,980,45,38.5,16,15,0,2,1000,7,1,3,24,4,4,3,4,0,300,,B
257,laser,22,1000,45,38.5,16,15,0,2,1000,7,1,3,24,4,4,3,4,0,300,,B
258,pedestal,-1,0,45,38.5,16,15,0,2,1000,7,1,3,24,9,8,3,6,0,500,Change of configuration,C
259,laser,22,520,45,38.5,16,15,0,2,1000,7,1,3,24,9,8,3,6,0,500,,C
260,laser,22,580,45,38.5,16,15,0,2,1000,7,1,3,24,9,8,3,6,0,500,,C
261,laser,22,640,45,38.5,16,15,0,2,1000,7,1,3,24,9,8,3,6,0,500,,C
262,laser,22,700,45,38.5,16,15,0,2,1000,7,1,3,24,9,8,3,6,0,500,,C
263,laser,22,760,45,38.5,16,15,0,2,1000,7,1,3,24,9,8,3,6,0,500,,C
264,laser,22,820,45,38.5,16,15,0,2,1000,7,1,3,24,9,8,3,6,0,500,,C
265,laser,22,880,45,38.5,16,15,0,2,1000,7,1,3,24,9,8,3,6,0,500,,C
266,laser,22,940,45,38.5,16,15,0,2,1000,7,1,3,24,9,8,3,6,0,500,,C
267,laser,22,1000,45,38.5,16,15,0,2,1000,7,1,3,24,9,8,3,6,0,500,,C
268,pedestal,-1,0,43,38.5,16,15,0,2,1000,7,1,3,24,9,8,3,6,0,500,,F
269,laser,22,520,43,38.5,16,15,0,2,1000,7,1,3,24,9,8,3,6,0,500,,F
270,laser,22,580,43,38.5,16,15,0,2,1000,7,1,3,24,9,8,3,6,0,500,,F
271,laser,22,640,43,38.5,16,15,0,2,1000,7,1,3,24,9,8,3,6,0,500,,F
272,laser,22,700,43,38.5,16,15,0,2,1000,7,1,3,24,9,8,3,6,0,500,,F
273,laser,22,760,43,38.5,16,15,0,2,1000,7,1,3,24,9,8,3,6,0,500,,F
274,laser,22,820,43,38.5,16,15,0,2,1000,7,1,3,24,9,8,3,6,0,500,,F
275,laser,22,880,43,38.5,16,15,0,2,1000,7,1,3,24,9,8,3,6,0,500,,F
276,laser,22,940,43,38.5,16,15,0,2,1000,7,1,3,24,9,8,3,6,0,500,,F
277,laser,22,1000,43,38.5,16,15,0,2,1000,7,1,3,24,9,8,3,6,0,500,,F
278,laser,22,590,43,38.5,16,15,0,2,1000,7,1,3,-10,9,8,3,6,0,500,,
279,pedestal,-1,0,45,38.5,16,15,0,2,1000,7,1,3,-26,4,4,3,4,0,300,,
280,laser,22,550,45,38.5,16,15,0,2,1000,7,1,3,-26,4,4,3,4,0,300,,
281,laser,22,560,45,38.5,16,15,0,2,1000,7,1,3,-26,4,4,3,4,0,300,,
282,laser,22,570,45,38.5,16,15,0,2,1000,7,1,3,-26,4,4,3,4,0,300,,
283,laser,22,575,45,38.5,16,15,0,2,1000,7,1,3,-26,4,4,3,4,0,300,,
284,laser,22,580,45,38.5,16,15,0,2,1000,7,1,3,-26,4,4,3,4,0,300,,
285,laser,22,585,45,38.5,16,15,0,2,1000,7,1,3,-26,4,4,3,4,0,300,,
286,laser,22,520,45,38.5,16,15,0,2,1000,7,1,3,-26,4,4,3,4,0,300,,
287,laser,22,525,45,38.5,16,15,0,2,1000,7,1,3,-26,4,4,3,4,0,300,,
288,laser,22,530,45,38.5,16,15,0,2,1000,7,1,3,-26,4,4,3,4,0,300,,
289,laser,22,535,45,38.5,16,15,0,2,1000,7,1,3,-26,4,4,3,4,0,300,,
290,laser,22,540,45,38.5,16,15,0,2,1000,7,1,3,-26,4,4,3,4,0,300,,
291,laser,22,545,45,38.5,16,15,0,2,1000,7,1,3,-26,4,4,3,4,0,300,,
292,laser,22,555,45,38.5,16,15,0,2,1000,7,1,3,-26,4,4,3,4,0,300,,
293,laser,22,565,45,38.5,16,15,0,2,1000,7,1,3,-26,4,4,3,4,0,300,,
294,laser,22,570,45,38.5,16,15,0,2,1000,7,1,3,-26,4,4,3,4,0,300,Tape diffuser added,
295,laser,22,580,45,38.5,16,15,0,2,1000,7,1,3,-26,4,4,3,4,0,300,,
296,laser,22,590,45,38.5,16,15,0,2,1000,7,1,3,-26,4,4,3,4,0,300,,
297,laser,22,600,45,38.5,16,15,0,2,1000,7,1,3,-26,4,4,3,4,0,300,,
298,laser,22,610,45,38.5,16,15,0,2,1000,7,1,3,-26,4,4,3,4,0,300,,
299,laser,22,620,45,38.5,16,15,0,2,1000,7,1,3,-26,4,4,3,4,0,300,,
300,laser,22,630,45,38.5,16,15,0,2,1000,7,1,3,-26,4,4,3,4,0,300,,
301,laser,22,640,45,38.5,16,15,0,2,1000,7,1,3,-26,4,4,3,4,0,300,,
302,laser,22,650,45,38.5,16,15,0,2,1000,7,1,3,-26,4,4,3,4,0,300,,
303,laser,22,660,45,38.5,16,15,0,2,1000,7,1,3,-26,4,4,3,4,0,300,,
304,laser,22,670,45,38.5,16,15,0,2,1000,7,1,3,-26,4,4,3,4,0,300,,
305,laser,22,680,45,38.5,16,15,0,2,1000,7,1,3,-26,4,4,3,4,0,300,,
306,laser,22,690,45,38.5,16,15,0,2,1000,7,1,3,-26,4,4,3,4,0,300,,
307,laser,22,700,45,38.5,16,15,0,2,1000,7,1,3,-26,4,4,3,4,0,300,,
308,laser,22,710,45,38.5,16,15,0,2,1000,7,1,3,-26,4,4,3,4,0,300,,
309,pedestal,-1,0,43,38.5,16,15,0,2,1000,7,1,3,-26,4,4,3,4,0,300,,
310,laser,22,540,43,38.5,16,15,0,2,1000,7,1,3,-26,4,4,3,4,0,300,,
311,laser,22,560,43,38.5,16,15,0,2,1000,7,1,3,-26,4,4,3,4,0,300,,
312,laser,22,580,43,38.5,16,15,0,2,1000,7,1,3,-26,4,4,3,4,0,300,,
313,laser,22,600,43,38.5,16,15,0,2,1000,7,1,3,-26,4,4,3,4,0,300,,
314,laser,22,620,43,38.5,16,15,0,2,1000,7,1,3,-26,4,4,3,4,0,300,,
315,laser,22,640,43,38.5,16,15,0,2,1000,7,1,3,-26,4,4,3,4,0,300,,
316,laser,22,660,43,38.5,16,15,0,2,1000,7,1,3,-26,4,4,3,4,0,300,,
317,laser,22,680,43,38.5,16,15,0,2,1000,7,1,3,-26,4,4,3,4,0,300,,
318,laser,22,700,43,38.5,16,15,0,2,1000,7,1,3,-26,4,4,3,4,0,300,,
319,laser,22,720,43,38.5,16,15,0,2,1000,7,1,3,-26,4,4,3,4,0,300,,
320,laser,22,740,43,38.5,16,15,0,2,1000,7,1,3,-26,4,4,3,4,0,300,,
321,laser,22,760,43,38.5,16,15,0,2,1000,7,1,3,-26,4,4,3,4,0,300,,
322,laser,22,780,43,38.5,16,15,0,2,1000,7,1,3,-26,4,4,3,4,0,300,,
323,laser,22,800,43,38.5,16,15,0,2,1000,7,1,3,-26,4,4,3,4,0,300,,
324,laser,22,820,43,38.5,16,15,0,2,1000,7,1,3,-26,4,4,3,4,0,300,,
325,laser,22,840,43,38.5,16,15,0,2,1000,7,1,3,-26,4,4,3,4,0,300,,
326,laser,22,860,43,38.5,16,15,0,2,1000,7,1,3,-26,4,4,3,4,0,300,,
327,laser,22,880,43,38.5,16,15,0,2,1000,7,1,3,-26,4,4,3,4,0,300,,
328,laser,22,900,43,38.5,16,15,0,2,1000,7,1,3,-26,4,4,3,4,0,300,,
329,laser,22,920,43,38.5,16,15,0,2,1000,7,1,3,-26,4,4,3,4,0,300,,
330,laser,22,940,43,38.5,16,15,0,2,1000,7,1,3,-26,4,4,3,4,0,300,,
331,laser,22,960,43,38.5,16,15,0,2,1000,7,1,3,-26,4,4,3,4,0,300,,
332,laser,22,980,43,38.5,16,15,0,2,1000,7,1,3,-26,4,4,3,4,0,300,,
333,laser,22,1000,43,38.5,16,15,0,2,1000,7,1,3,-26,4,4,3,4,0,300,,
334,pedestal,-1,0,43,38.5,16,15,0,2,1000,7,1,3,-26,12,10,3,6,0,650,,G
335,laser,22,540,43,38.5,16,15,0,2,1000,7,1,3,-26,12,10,3,6,0,650,,G
336,laser,22,560,43,38.5,16,15,0,2,1000,7,1,3,-26,12,10,3,6,0,650,,G
337,laser,22,580,43,38.5,16,15,0,2,1000,7,1,3,-26,12,10,3,6,0,650,,G
338,laser,22,600,43,38.5,16,15,0,2,1000,7,1,3,-26,12,10,3,6,0,650,,G
339,laser,22,620,43,38.5,16,15,0,2,1000,7,1,3,-26,12,10,3,6,0,650,,G
340,laser,22,640,43,38.5,16,15,0,2,1000,7,1,3,-26,12,10,3,6,0,650,,G
341,laser,22,660,43,38.5,16,15,0,2,1000,7,1,3,-26,12,10,3,6,0,650,,G
342,laser,22,680,43,38.5,16,15,0,2,1000,7,1,3,-26,12,10,3,6,0,650,,G
343,laser,22,700,43,38.5,16,15,0,2,1000,7,1,3,-26,12,10,3,6,0,650,,G
344,laser,22,720,43,38.5,16,15,0,2,1000,7,1,3,-26,12,10,3,6,0,650,,G
345,laser,22,740,43,38.5,16,15,0,2,1000,7,1,3,-26,12,10,3,6,0,650,,G
346,laser,22,760,43,38.5,16,15,0,2,1000,7,1,3,-26,12,10,3,6,0,650,,G
347,laser,22,780,43,38.5,16,15,0,2,1000,7,1,3,-26,12,10,3,6,0,650,,G
348,laser,22,800,43,38.5,16,15,0,2,1000,7,1,3,-26,12,10,3,6,0,650,,G
349,laser,22,820,43,38.5,16,15,0,2,1000,7,1,3,-26,12,10,3,6,0,650,,G
350,laser,22,840,43,38.5,16,15,0,2,1000,7,1,3,-26,12,10,3,6,0,650,,G
351,laser,22,860,43,38.5,16,15,0,2,1000,7,1,3,-26,12,10,3,6,0,650,,G
352,laser,22,880,43,38.5,16,15,0,2,1000,7,1,3,-26,12,10,3,6,0,650,,G
353,laser,22,900,43,38.5,16,15,0,2,1000,7,1,3,-26,12,10,3,6,0,650,,G
354,laser,22,920,43,38.5,16,15,0,2,1000,7,1,3,-26,12,10,3,6,0,650,,G
355,laser,22,940,43,38.5,16,15,0,2,1000,7,1,3,-26,12,10,3,6,0,650,,G
356,laser,22,960,43,38.5,16,15,0,2,1000,7,1,3,-26,12,10,3,6,0,650,,G
357,laser,22,980,43,38.5,16,15,0,2,1000,7,1,3,-26,12,10,3,6,0,650,,G
358,laser,22,1000,43,38.5,16,15,0,2,1000,7,1,3,-26,12,10,3,6,0,650,,G
359,pedestal,-1,0,45,38.5,16,15,0,2,1000,7,1,3,-26,12,10,3,6,0,650,,H
360,laser,22,540,45,38.5,16,15,0,2,1000,7,1,3,-26,12,10,3,6,0,650,,H
361,laser,22,580,45,38.5,16,15,0,2,1000,7,1,3,-26,12,10,3,6,0,650,,H
362,laser,22,620,45,38.5,16,15,0,2,1000,7,1,3,-26,12,10,3,6,0,650,,H
363,laser,22,660,45,38.5,16,15,0,2,1000,7,1,3,-26,12,10,3,6,0,650,,H
364,laser,22,700,45,38.5,16,15,0,2,1000,7,1,3,-26,12,10,3,6,0,650,,H
365,laser,22,740,45,38.5,16,15,0,2,1000,7,1,3,-26,12,10,3,6,0,650,,H
366,laser,22,780,45,38.5,16,15,0,2,1000,7,1,3,-26,12,10,3,6,0,650,,H
367,laser,22,820,45,38.5,16,15,0,2,1000,7,1,3,-26,12,10,3,6,0,650,,H
368,laser,22,860,45,38.5,16,15,0,2,1000,7,1,3,-26,12,10,3,6,0,650,,H
369,laser,22,900,45,38.5,16,15,0,2,1000,7,1,3,-26,12,10,3,6,0,650,,H
370,laser,22,940,45,38.5,16,15,0,2,1000,7,1,3,-26,12,10,3,6,0,650,,H
371,laser,22,980,45,38.5,16,15,0,2,1000,7,1,3,-26,12,10,3,6,0,650,,H
372,pedestal,-1,0,45,38.5,16,15,1,0,1000,7,1,3,-26,4,4,3,4,0,300,,I
373,laser,22,520,45,38.5,16,15,1,0,1000,7,1,3,-26,4,4,3,4,0,300,,I
374,laser,22,560,45,38.5,16,15,1,0,1000,7,1,3,-26,4,4,3,4,0,300,,I
375,laser,22,600,45,38.5,16,15,1,0,1000,7,1,3,-26,4,4,3,4,0,300,,I
376,laser,22,640,45,38.5,16,15,1,0,1000,7,1,3,-26,4,4,3,4,0,300,,I
377,laser,22,680,45,38.5,16,15,1,0,1000,7,1,3,-26,4,4,3,4,0,300,,I
378,laser,22,720,45,38.5,16,15,1,0,1000,7,1,3,-26,4,4,3,4,0,300,,I
379,laser,22,760,45,38.5,16,15,1,0,1000,7,1,3,-26,4,4,3,4,0,300,,I
380,laser,22,800,45,38.5,16,15,1,0,1000,7,1,3,-26,4,4,3,4,0,300,,I
381,laser,22,840,45,38.5,16,15,1,0,1000,7,1,3,-26,4,4,3,4,0,300,,I
382,laser,22,880,45,38.5,16,15,1,0,1000,7,1,3,-26,4,4,3,4,0,300,,I
383,laser,22,920,45,38.5,16,15,1,0,1000,7,1,3,-26,4,4,3,4,0,300,,I
384,laser,22,960,45,38.5,16,15,1,0,1000,7,1,3,-26,4,4,3,4,0,300,,I
385,laser,22,1000,45,38.5,16,15,1,0,1000,7,1,3,-26,4,4,3,4,0,300,,I
386,pedestal,-1,0,43,38.5,16,15,1,0,1000,7,1,3,-26,4,4,3,4,0,300,,J
387,laser,22,520,43,38.5,16,15,1,0,1000,7,1,3,-26,4,4,3,4,0,300,,J
388,laser,22,560,43,38.5,16,15,1,0,1000,7,1,3,-26,4,4,3,4,0,300,,J
389,laser,22,580,43,38.5,16,15,1,0,1000,7,1,3,-26,4,4,3,4,0,300,,J
390,laser,22,600,43,38.5,16,15,1,0,1000,7,1,3,-26,4,4,3,4,0,300,,J
391,laser,22,640,43,38.5,16,15,1,0,1000,7,1,3,-26,4,4,3,4,0,300,,J
392,laser,22,680,43,38.5,16,15,1,0,1000,7,1,3,-26,4,4,3,4,0,300,,J
393,laser,22,720,43,38.5,16,15,1,0,1000,7,1,3,-26,4,4,3,4,0,300,,J
394,laser,22,760,43,38.5,16,15,1,0,1000,7,1,3,-26,4,4,3,4,0,300,,J
395,laser,22,800,43,38.5,16,15,1,0,1000,7,1,3,-26,4,4,3,4,0,300,,J
396,laser,22,840,43,38.5,16,15,1,0,1000,7,1,3,-26,4,4,3,4,0,300,,J
397,laser,22,880,43,38.5,16,15,1,0,1000,7,1,3,-26,4,4,3,4,0,300,,J
398,laser,22,920,43,38.5,16,15,1,0,1000,7,1,3,-26,4,4,3,4,0,300,,J
399,laser,22,960,43,38.5,16,15,1,0,1000,7,1,3,-26,4,4,3,4,0,300,,J
400,laser,22,1000,43,38.5,16,15,1,0,1000,7,1,3,-26,4,4,3,4,0,300,,J
401,pedestal,-1,0,45,38.5,16,15,1,0,1000,7,1,3,-26,12,10,3,6,0,650,,
402,laser,22,520,45,38.5,16,15,1,0,1000,7,1,3,-26,12,10,3,6,0,650,,
403,laser,22,560,45,38.5,16,15,1,0,1000,7,1,3,-26,12,10,3,6,0,650,,
404,laser,22,580,45,38.5,16,15,1,0,1000,7,1,3,-26,12,10,3,6,0,650,,
405,laser,22,600,45,38.5,16,15,1,0,1000,7,1,3,-26,12,10,3,6,0,650,,
406,laser,22,640,45,38.5,16,15,1,0,1000,7,1,3,-26,12,10,3,6,0,650,,
407,laser,22,680,45,38.5,16,15,1,0,1000,7,1,3,-26,12,10,3,6,0,650,,
408,laser,22,720,45,38.5,16,15,1,0,1000,7,1,3,-26,12,10,3,6,0,650,,
409,laser,22,760,45,38.5,16,15,1,0,1000,7,1,3,-26,12,10,3,6,0,650,,
410,laser,22,800,45,38.5,16,15,1,0,1000,7,1,3,-26,12,10,3,6,0,650,,
411,laser,22,840,45,38.5,16,15,1,0,1000,7,1,3,-26,12,10,3,6,0,650,,
412,laser,22,880,45,38.5,16,15,1,0,1000,7,1,3,-26,12,10,3,6,0,650,,
413,laser,22,920,45,38.5,16,15,1,0,1000,7,1,3,-26,12,10,3,6,0,650,,
414,laser,22,960,45,38.5,16,15,1,0,1000,7,1,3,-26,12,10,3,6,0,650,,
415,laser,22,1000,45,38.5,16,15,1,0,1000,7,1,3,-26,12,10,3,6,0,650,,
416,pedestal,-1,0,45,38.5,16,15,0,0,1000,7,1,3,-26,4,4,3,4,0,300,,
417,laser,22,520,45,38.5,16,15,0,0,1000,7,1,3,-26,4,4,3,4,0,300,,
418,laser,22,560,45,38.5,16,15,0,0,1000,7,1,3,-26,4,4,3,4,0,300,,
419,laser,22,580,45,38.5,16,15,0,0,1000,7,1,3,-26,4,4,3,4,0,300,,
420,laser,22,600,45,38.5,16,15,0,0,1000,7,1,3,-26,4,4,3,4,0,300,,
421,laser,22,640,45,38.5,16,15,0,0,1000,7,1,3,-26,4,4,3,4,0,300,,
422,laser,22,680,45,38.5,16,15,0,0,1000,7,1,3,-26,4,4,3,4,0,300,,
423,laser,22,720,45,38.5,16,15,0,0,1000,7,1,3,-26,4,4,3,4,0,300,,
424,laser,22,760,45,38.5,16,15,0,0,1000,7,1,3,-26,4,4,3,4,0,300,,
425,laser,22,800,45,38.5,16,15,0,0,1000,7,1,3,-26,4,4,3,4,0,300,,
426,laser,22,840,45,38.5,16,15,0,0,1000,7,1,3,-26,4,4,3,4,0,300,,
427,laser,22,880,45,38.5,16,15,0,0,1000,7,1,3,-26,4,4,3,4,0,300,,
428,laser,22,920,45,38.5,16,15,0,0,1000,7,1,3,-26,4,4,3,4,0,300,,
429,laser,22,960,45,38.5,16,15,0,0,1000,7,1,3,-26,4,4,3,4,0,300,,
430,laser,22,1000,45,38.5,16,15,0,0,1000,7,1,3,-26,4,4,3,4,0,300,,
431,pedestal,-1,0,45,38.5,16,15,0,0,1000,7,1,3,-26,12,10,3,6,0,650,,
432,laser,22,520,45,38.5,16,15,0,0,1000,7,1,3,-26,12,10,3,6,0,650,,
433,laser,22,560,45,38.5,16,15,0,0,1000,7,1,3,-26,12,10,3,6,0,650,,
434,laser,22,580,45,38.5,16,15,0,0,1000,7,1,3,-26,12,10,3,6,0,650,,
435,laser,22,600,45,38.5,16,15,0,0,1000,7,1,3,-26,12,10,3,6,0,650,,
436,laser,22,640,45,38.5,16,15,0,0,1000,7,1,3,-26,12,10,3,6,0,650,,
437,laser,22,680,45,38.5,16,15,0,0,1000,7,1,3,-26,12,10,3,6,0,650,,
438,laser,22,720,45,38.5,16,15,0,0,1000,7,1,3,-26,12,10,3,6,0,650,,
439,laser,22,760,45,38.5,16,15,0,0,1000,7,1,3,-26,12,10,3,6,0,650,,
440,laser,22,800,45,38.5,16,15,0,0,1000,7,1,3,-26,12,10,3,6,0,650,,
441,laser,22,840,45,38.5,16,15,0,0,1000,7,1,3,-26,12,10,3,6,0,650,,
442,laser,22,880,45,38.5,16,15,0,0,1000,7,1,3,-26,12,10,3,6,0,650,,
443,laser,22,920,45,38.5,16,15,0,0,1000,7,1,3,-26,12,10,3,6,0,650,,
444,laser,22,960,45,38.5,16,15,0,0,1000,7,1,3,-26,12,10,3,6,0,650,,
445,laser,22,1000,45,38.5,16,15,0,0,1000,7,1,3,-26,12,10,3,6,0,650,,